param_value,param_label,F1,F1v,F2,F3,F4,N3,N4,kDN,CM,R,D3,D. Over.,Borderline,N1,N2,ONB,LSC,Clust,IR
1,imbalance=1x,0.6355139356122672,0.3015812451664654,0.4017565092062082,0.8899999999999999,0.8240000000000001,0.328,0.24699999999999997,0.3218,0.27399999999999997,0.274,27.4,0.6930000000000001,0.322,0.471,0.3506709877183048,0.382,0.971385,0.384,1.0
2,imbalance=2x,0.6170357301432037,0.29511856897929967,0.3396264982689102,0.8453333333333333,0.7653333333333333,0.276,0.236,0.2888,0.244,0.344,18.3,0.6253333333333333,0.2773333333333333,0.41466666666666663,0.33348471060816043,0.378,0.9529066666666667,0.34,2.0
4,imbalance=4x,0.6045375844315858,0.2951486326499701,0.31617107016222923,0.7472,0.648,0.2144,0.1664,0.21759999999999993,0.16640000000000002,0.49160000000000004,10.4,0.4800000000000001,0.2032,0.3168,0.2854482948431091,0.386,0.9024640000000002,0.2592,4.0
8,imbalance=8x,0.5916953273543557,0.2874133698279892,0.22357830689717084,0.6,0.47857142857142865,0.15892857142857142,0.11071428571428572,0.1467857142857143,0.10892857142857144,0.7757380952380952,6.1,0.32678571428571423,0.10535714285714286,0.225,0.23431854506833974,0.44333333333333336,0.8262436224489796,0.18928571428571428,8.333333333333334
16,imbalance=16x,0.5627366925033567,0.2738854027466132,0.15179908015887408,0.40566037735849053,0.28679245283018867,0.09622641509433963,0.052830188679245285,0.08339622641509435,0.05849056603773585,0.9121761006289308,3.1,0.19622641509433963,0.03018867924528302,0.12830188679245283,0.17810159048362623,0.45066666666666677,0.6776610893556426,0.11320754716981132,16.666666666666668
