param_value,param_label,F1,F1v,F2,F3,F4,N3,N4,kDN,CM,R,D3,D. Over.,Borderline,N1,N2,ONB,LSC,Clust,IR
1,imbalance=1x,0.1030999548274173,0.027299690428937616,0.030450645493813946,0.1225,0.0,0.005,0.0025,0.005,0.005,0.005,1.0,0.01,0.0025,0.0075,0.045645052756156705,0.0075,0.5582812500000001,0.0075,1.0
2,imbalance=2x,0.1030999548274173,0.027299690428937616,0.030450645493813946,0.1225,0.0,0.005,0.0025,0.005,0.005,0.005,1.0,0.01,0.0025,0.0075,0.045645052756156705,0.0075,0.5582812500000001,0.0075,1.0
4,imbalance=4x,0.1030999548274173,0.027299690428937616,0.030450645493813946,0.1225,0.0,0.005,0.0025,0.005,0.005,0.005,1.0,0.01,0.0025,0.0075,0.045645052756156705,0.0075,0.5582812500000001,0.0075,1.0
8,imbalance=8x,0.1030999548274173,0.027299690428937616,0.030450645493813946,0.1225,0.0,0.005,0.0025,0.005,0.005,0.005,1.0,0.01,0.0025,0.0075,0.045645052756156705,0.0075,0.5582812500000001,0.0075,1.0
16,imbalance=16x,0.1030999548274173,0.027299690428937616,0.030450645493813946,0.1225,0.0,0.005,0.0025,0.005,0.005,0.005,1.0,0.01,0.0025,0.0075,0.045645052756156705,0.0075,0.5582812500000001,0.0075,1.0
