param_value,param_label,F1,F1v,F2,F3,F4,N3,N4,kDN,CM,R,D3,D. Over.,Borderline,N1,N2,ONB,LSC,Clust,IR
1,imbalance=1x,0.10011923242921691,0.026704874046258396,0.007047315757915673,0.035,0.0,0.003,0.0,0.0038,0.003,0.003,0.3,0.008,0.0,0.01,0.05795722729689384,0.01,0.54244,0.01,1.0
2,imbalance=2x,0.09693407427640158,0.026325542574932727,0.0023750685617077356,0.013333333333333332,0.0,0.002666666666666667,0.0,0.0034666666666666674,0.004,0.0019999999999999996,0.3,0.008,0.002666666666666667,0.013333333333333332,0.061796131727593774,0.015,0.4792888888888888,0.013333333333333332,2.0
4,imbalance=4x,0.09557189594862785,0.026753777374560472,0.00045063629197409673,0.0064,0.0,0.0048000000000000004,0.0,0.0019200000000000003,0.0016,0.0004,0.1,0.0064,0.0016,0.016,0.060127517093001084,0.025,0.3493888,0.016,4.0
8,imbalance=8x,0.09417084053109852,0.02710515076846768,0.0,0.0,0.0,0.0035714285714285713,0.0,0.0025,0.0,0.0,0.0,0.010714285714285714,0.0017857142857142857,0.017857142857142856,0.05695460268802961,0.04666666666666666,0.21777742346938775,0.017857142857142856,8.333333333333334
16,imbalance=16x,0.09609874336409932,0.026546474499058198,0.0,0.0,0.0,0.0,0.0,0.004150943396226415,0.0018867924528301887,0.03144654088050314,0.1,0.013207547169811321,0.0056603773584905665,0.018867924528301886,0.052096018853960854,0.08833333333333333,0.1257742969028124,0.018867924528301886,16.666666666666668
