param_value,param_label,F1,F1v,F2,F3,F4,N3,N4,kDN,CM,R,D3,D. Over.,Borderline,N1,N2,ONB,LSC,Clust,IR
0.5,scale=0.5,0.054351950018544405,0.013838741899358051,0.0,0.0,0.0,0.0,0.0,0.0,0.0,0.0,0.0,0.0,0.0,0.005,0.027865027644358387,0.005,0.50529375,0.005,1.0
1.0,scale=1.0,0.1030999548274173,0.027299690428937616,0.030450645493813946,0.1225,0.0,0.005,0.0025,0.005,0.005,0.005,1.0,0.01,0.0025,0.0075,0.045645052756156705,0.0075,0.5582812500000001,0.0075,1.0
1.5,scale=1.5,0.14706824812425798,0.040398107725989243,0.07338064133100854,0.3275,0.07,0.01,0.0025,0.0075,0.005,0.005,1.0,0.0175,0.0,0.02,0.06207339638777562,0.0125,0.6339312500000001,0.0125,1.0
2.0,scale=2.0,0.18692697351128093,0.05314844476890469,0.11302547787146491,0.475,0.1675,0.0175,0.0025,0.0175,0.01,0.01,2.0,0.045,0.0175,0.025,0.07777160706250116,0.0275,0.7051937500000001,0.0275,1.0
3.0,scale=3.0,0.25642343441035237,0.07765894118029086,0.1788321429803806,0.6675,0.3125,0.075,0.025,0.0635,0.045,0.045,9.0,0.1475,0.0625,0.1,0.10954918489644085,0.0875,0.8092312500000001,0.09,1.0
4.0,scale=4.0,0.3149748470048256,0.10093248493675973,0.23051410647806728,0.7375,0.5075,0.105,0.045,0.10549999999999997,0.0825,0.0825,16.5,0.2225,0.1025,0.16,0.13841132347162446,0.1375,0.8705625,0.1375,1.0
5.0,scale=5.0,0.3649781373290846,0.12306040797732874,0.27236963460352304,0.77,0.595,0.145,0.09,0.1359999999999999,0.1025,0.10250000000000001,20.5,0.305,0.12,0.215,0.164290762835056,0.18,0.90638125,0.18,1.0
