dataset,F1,F1v,F2,F3,F4,N3,N4,kDN,CM,R,D3,D. Over.,Borderline,N1,N2,ONB,LSC,Clust,IR
real_example,0.5208274223047846,0.12166792397553232,0.24598495014042995,0.763758389261745,0.3651006711409396,0.021476510067114093,0.053691275167785234,0.053154362416107395,0.0348993288590604,0.034866436906705364,2.6,0.138255033557047,0.08187919463087248,0.06174496644295302,0.16757531617246216,0.0603963963963964,0.8339083825052926,0.06442953020134227,1.0135135135135136
easy_gaussian,0.09374987371396107,0.02454139178337974,0.0021089975187092197,0.018,0.0,0.0,0.002,0.0,0.0,0.0,0.0,0.0,0.0,0.02,0.06517909208831252,0.02,0.52028,0.02,1.0
moons_noise=0.05,0.4336548873844813,0.1591523614153792,0.23654427764501285,0.56,0.33399999999999996,0.05,0.168,0.0748,0.048,0.048,2.4,0.192,0.09,0.094,0.20626471661885812,0.11600000000000002,0.88322,0.12000000000000002,1.0
moons_noise=0.1,0.4336548873844813,0.1591523614153792,0.23654427764501285,0.56,0.33399999999999996,0.05,0.168,0.0748,0.048,0.048,2.4,0.192,0.09,0.094,0.20626471661885812,0.11600000000000002,0.88322,0.12000000000000002,1.0
moons_noise=0.2,0.4336548873844813,0.1591523614153792,0.23654427764501285,0.56,0.33399999999999996,0.05,0.168,0.0748,0.048,0.048,2.4,0.192,0.09,0.094,0.20626471661885812,0.11600000000000002,0.88322,0.12000000000000002,1.0
moons_noise=0.3,0.4336548873844813,0.1591523614153792,0.23654427764501285,0.56,0.33399999999999996,0.05,0.168,0.0748,0.048,0.048,2.4,0.192,0.09,0.094,0.20626471661885812,0.11600000000000002,0.88322,0.12000000000000002,1.0
